"query","clicks","impressions","ctr","position"
"nda exam date 2026","1543","105587","1.5%","3.6"
"warrior defence academy","312","2751","11.3%","2.1"
"warriors defence academy","229","2539","9%","2.0"
"indian army badges","120","927","12.9%","3.3"
"warrior defence academy lucknow","94","1159","8.1%","2.1"
"ssb oir previous question papers","76","172","44.2%","1.5"
"oir in ssb","67","530","12.6%","2.7"
"badges of indian army","55","279","19.7%","2.7"
"all badges of indian army","54","155","34.8%","1.9"
"lecturette topics for ssb with answers","54","149","36.2%","2.2"
"agniveer recruitment 2026","51","13159","0.4%","9.5"
"how many fighter jets does india have","51","7097","0.7%","5.0"
"warriors defence academy lucknow","50","700","7.1%","2.1"
"oir questions for ssb","46","136","33.8%","1.8"
"wda academy lucknow","42","552","7.6%","1.9"
"oir questions","41","149","27.5%","1.8"
"indian air force aircraft list","38","967","3.9%","6.4"
"officer intelligence rating test","38","250","15.2%","2.7"
"oir test questions","35","85","41.2%","1.3"
"oir sample paper","34","118","28.8%","2.4"
"ssb reasoning questions","34","104","32.7%","2.6"
"indian air force fighter planes list","30","4012","0.7%","6.2"
"nda 2026 exam date","30","3924","0.8%","3.1"
"wda academy","28","347","8.1%","2.5"
"ssb lecturette topics with answers pdf","28","98","28.6%","3.0"
"oir test in ssb","26","625","4.2%","7.7"
"ssb oir questions","26","68","38.2%","2.6"
"ssb lecturette topics with answers","26","43","60.5%","1.2"
"indian army badges and medals","25","272","9.2%","3.4"
"best nda coaching in lucknow","24","1883","1.3%","3.4"
"warriors defence academy fees","24","601","4%","2.1"
"indian air force planes list","24","459","5.2%","4.9"
"nda coaching in lucknow","23","2017","1.1%","4.8"
"indian air force jets list","23","365","6.3%","4.6"
"oir test pdf","23","153","15%","3.8"
"officer intelligence rating test pdf with solutions","23","36","63.9%","1.0"
"ima dehradun","22","7977","0.3%","11.1"
"badges in indian army","22","82","26.8%","2.6"
"indian air force fighter jets list","21","674","3.1%","6.5"
"nda 2 2023 merit list","21","126","16.7%","4.8"
"ssb verbal and non verbal questions","21","61","34.4%","2.0"
"indian army all badges","21","54","38.9%","1.1"
"agniveer vacancy 2026","19","7341","0.3%","10.3"
"nda syllabus in hindi pdf download","19","722","2.6%","6.6"
"indian army badges list","19","240","7.9%","2.0"
"oir question for ssb","19","36","52.8%","1.6"
"nda oir questions","19","29","65.5%","1.1"
"army badges","18","899","2%","3.0"
"wda lucknow","18","222","8.1%","3.0"
"officer intelligence rating (oir) test","18","86","20.9%","2.6"
"what is tes","16","1043","1.5%","2.5"
"warrior defence academy lucknow fees","16","150","10.7%","1.4"
"different badges in indian army","16","58","27.6%","4.6"
"agniveer recruitment","15","2077","0.7%","7.5"
"indian aircraft list","15","1024","1.5%","4.1"
"warrior academy lucknow","15","222","6.8%","1.9"
"warrior defence academy mohanlalganj lucknow","15","149","10.1%","2.0"
"oir practice set with answers","15","128","11.7%","5.6"
"oir pdf","14","123","11.4%","6.4"
"oir question paper","14","27","51.9%","1.5"
"agniveer notification 2026","13","2626","0.5%","9.8"
"nda syllabus in hindi","13","1599","0.8%","5.7"
"indian army drone name list","13","345","3.8%","2.3"
"ssb screening test questions","13","50","26%","4.4"
"nda khadakwasla","12","12622","0.1%","5.6"
"indian army batch","12","640","1.9%","4.4"
"ssb coaching in lucknow","12","395","3%","7.0"
"indian airforce fighter jets list","12","220","5.5%","5.5"
"indian air force equipment list","12","218","5.5%","5.0"
"army badges on uniform","12","76","15.8%","1.8"
"oir question","12","31","38.7%","1.5"
"indian fighter jets list","11","1004","1.1%","5.5"
"warriors defence academy lucknow fees structure","11","203","5.4%","1.5"
"warriors defence academy dehradun","11","67","16.4%","2.8"
"army agniveer notification 2026","10","1397","0.7%","9.6"
"warriors defence academy photos","10","825","1.2%","3.2"
"warriors defence academy lucknow address","10","124","8.1%","1.3"
"2026 nda exam date","9","744","1.2%","3.3"
"nda examination date 2026","9","616","1.5%","3.8"
"nda exam 2026 date","9","574","1.6%","2.6"
"ssb oir book pdf","9","193","4.7%","7.0"
"indian army batches","9","140","6.4%","2.3"
"how to introduce yourself in ssb interview","9","108","8.3%","2.5"
"nda vs ssb","9","93","9.7%","2.2"
"warriors defense academy","9","52","17.3%","1.9"
"navy ssb interview questions with answers pdf","9","37","24.3%","3.2"
"all army badges","9","30","30%","1.7"
"param vir chakra winners list","8","4149","0.2%","9.6"
"brigade of the guards","8","2229","0.4%","5.2"
"when is nda exam 2026","8","1295","0.6%","1.2"
"indian navy uniform types","8","885","0.9%","4.7"
"n d a exam date 2026","8","274","2.9%","3.7"
"indian air force fighter planes list pdf","8","233","3.4%","6.2"
"indian army drones list","8","175","4.6%","2.7"
"india aircraft list","8","139","5.8%","5.1"
"ssb oir pdf","8","98","8.2%","6.1"
"self introduction for ssb interview","8","93","8.6%","2.5"
"oir practice set","8","86","9.3%","10.1"
"introduction for ssb interview","8","61","13.1%","2.4"
"ssb oir questions with answers","8","40","20%","5.8"
"ssb navy interview questions","8","37","21.6%","1.4"
"khadakwasla nda","7","2563","0.3%","2.6"
"indian air force fighter jets list with number","7","872","0.8%","3.1"
"when nda exam held in 2026","7","361","1.9%","1.6"
"lecturette topics for ssb","7","354","2%","7.4"
"indian aircrafts","7","224","3.1%","8.8"
"warrior defence academy fees","7","179","3.9%","1.6"
"wda academy lucknow fees","7","153","4.6%","1.9"
"chest badges of indian army","7","33","21.2%","2.1"
"nda paper date 2026","6","1191","0.5%","2.2"
"??????????????? ?????????????????? ?????? ???????????????","6","1041","0.6%","4.3"
"defence academy lucknow","6","956","0.6%","4.7"
"india fighter jets list","6","632","0.9%","4.8"
"warriors defence academy reviews","6","525","1.1%","8.5"
"??????????????????????????? ????????????????????? 2026","6","501","1.2%","8.9"
"nda ka syllabus in hindi","6","430","1.4%","6.2"
"india fighter jet list","6","393","1.5%","4.5"
"indian army cap badges list","6","318","1.9%","1.9"
"upsc nda exam date 2026","6","272","2.2%","1.2"
"type of drone in indian army","6","229","2.6%","5.3"
"army navy air force recruitment 2026","6","224","2.7%","4.2"
"indian army chest badges","6","212","2.8%","2.0"
"list of fighter jets in india","6","202","3%","5.4"
"defence coaching in lucknow","6","191","3.1%","6.5"
"indian drone name list","6","178","3.4%","4.0"
"drones used by indian army","6","176","3.4%","8.3"
"ssb vs nda","6","145","4.1%","3.3"
"list of indian military aircraft","6","143","4.2%","5.1"
"worries defence academy lucknow","6","76","7.9%","1.9"
"indian military aircraft list","6","72","8.3%","4.6"
"warriors academy lucknow","6","67","9%","9.3"
"army uniform badges","6","53","11.3%","2.1"
"officer intelligence rating","6","53","11.3%","3.4"
"ssb wat negative words with answers","6","31","19.4%","2.1"
"wat negative words","6","31","19.4%","3.7"
"warriors defence academy contact number","6","21","28.6%","1.9"
"defence academy","5","3701","0.1%","4.7"
"tes","5","1577","0.3%","5.0"
"agniveer army recruitment 2026","5","1509","0.3%","9.9"
"ekt","5","1449","0.3%","4.0"
"how to join ima","5","1192","0.4%","5.9"
"army batch","5","953","0.5%","6.6"
"ta army recruitment 2024","5","711","0.7%","7.3"
"how many jets does india have","5","691","0.7%","4.1"
"nda khadakwasla area in acres","5","504","1%","6.2"
"iaf aircraft list","5","345","1.4%","6.9"
"indian army aircraft","5","306","1.6%","7.4"
"how much fighter jet india have","5","281","1.8%","5.0"
"agniveer.com 2026","5","274","1.8%","6.6"
"agniveer 2026 notification","5","263","1.9%","9.4"
"top 10 military drones in india","5","253","2%","6.0"
"warriors academy","5","234","2.1%","7.6"
"ha","5","197","2.5%","2.8"
"ssb lecturette topics","5","197","2.5%","8.0"
"list of aircraft in indian air force","5","147","3.4%","5.8"
"transport aircraft in indian air force","5","142","3.5%","6.2"
"indian army drones list pdf","5","113","4.4%","2.4"
"oir ssb","5","113","4.4%","6.7"
"indian army aircraft list","5","101","5%","4.2"
"indian air force total fighter jets","5","101","5%","6.6"
"oir in ssb interview","5","91","5.5%","6.4"
"active fighter jets in india","5","78","6.4%","5.1"
"oir","5","74","6.8%","10.1"
"warrior defence academy fee structure","5","72","6.9%","1.7"
"indian jets list","5","58","8.6%","4.2"
"army badges india","5","53","9.4%","1.8"
"oir test ssb","5","52","9.6%","13.4"
"iaf planes list","5","47","10.6%","4.3"
"nda 2 2023 final merit list","5","44","11.4%","6.5"
"warrior defence academy dehradun","5","40","12.5%","2.2"
"oir test and ppdt book pdf","5","40","12.5%","3.6"
"wdc academy","5","36","13.9%","3.5"
"all indian army badges","5","25","20%","3.2"
"nda 2 2026 notification","5","17","29.4%","10.8"
"total fighter jets in india","4","806","0.5%","6.4"
"brigade of the guards regimental centre","4","725","0.6%","6.5"
"difference between nda and ima","4","430","0.9%","6.3"
"warrior academy","4","418","1%","7.7"
"nda paper 2026 date","4","368","1.1%","1.2"
"army badge","4","325","1.2%","3.8"
"indian army badge","4","310","1.3%","4.4"
"nda online coaching free","4","294","1.4%","8.6"
"ima dehradun admission process","4","237","1.7%","3.1"
"defence academy in lucknow","4","191","2.1%","5.0"
"what is tes entry in army","4","184","2.2%","1.7"
"nda academy lucknow","4","183","2.2%","5.0"
"indian air force all aircraft","4","160","2.5%","8.2"
"nda coaching lucknow","4","149","2.7%","5.0"
"cds 1 2025 notification","4","148","2.7%","7.0"
"nda syllabus pdf download in hindi","4","106","3.8%","6.4"
"warriors defence academy hostel fees","4","100","4%","1.6"
"nda 1 2026 application form date","4","91","4.4%","5.9"
"warriors defence academy delhi","4","79","5.1%","7.2"
"warriors defence academy lucknow fee structure","4","77","5.2%","1.2"
"oir test in ssb time duration","4","68","5.9%","5.8"
"ssb introduction","4","63","6.3%","4.5"
"ima exam date 2026","4","57","7%","4.2"
"warriors defence academy lucknow fees","4","55","7.3%","1.6"
"indian navy all uniforms","4","54","7.4%","4.6"
"nda 152 merit list","4","41","9.8%","7.7"
"ssb topics for lecturette","4","40","10%","5.9"
"oir test for ssb","4","35","11.4%","6.9"
"non verbal oir test","4","30","13.3%","3.9"
"verbal oir test","4","28","14.3%","3.8"
"ssb interview self introduction","4","26","15.4%","2.2"
"army all badges","4","25","16%","2.0"
"nda chemistry notes pdf in english","4","23","17.4%","10.4"
"ssb oir test pdf","4","21","19%","3.6"
"ssb oir mock test","4","19","21.1%","10.7"
"cds 1 2024 written result with name","4","16","25%","10.1"
"oir test questions with answers","4","14","28.6%","6.9"
"abhinandan varthaman","3","5857","0.1%","11.3"
"navy uniform","3","3840","0.1%","8.9"
"agniveer total vacancy 2026","3","2384","0.1%","10.3"
"nda ka syllabus","3","1340","0.2%","10.5"
"best nda coaching in india","3","1100","0.3%","13.2"
"pilot abhinandan varthaman","3","746","0.4%","13.1"
"lucknow defence academy","3","516","0.6%","6.3"
"nda","3","504","0.6%","15.9"
"nda running time for male","3","470","0.6%","7.2"
"what is one rank one pension","3","373","0.8%","10.3"
"nda coaching near me","3","348","0.9%","6.9"
"technical entry scheme","3","329","0.9%","2.5"
"afcat ekt","3","327","0.9%","6.9"
"what is tes in army","3","308","1%","3.4"
"brigade of the guards regiment","3","304","1%","6.1"
"tes exam","3","299","1%","3.3"
"nda exam date","3","283","1.1%","2.3"
"no of fighter jets in india","3","275","1.1%","6.3"
"next nda exam date 2026","3","252","1.2%","1.4"
"cijws badge","3","248","1.2%","8.8"
"indian army agniveer notification 2026","3","246","1.2%","9.2"
"army batches","3","224","1.3%","5.3"
"total aircraft in india","3","222","1.4%","6.3"
"how many fighter aircraft does india have","3","219","1.4%","5.3"
"agniveer army recruitment 2024","3","209","1.4%","8.1"
"when is the nda exam 2026","3","184","1.6%","1.2"
"agni veer recruitment","3","184","1.6%","8.8"
"nda test date 2026","3","172","1.7%","1.7"
"indian air force transport aircraft list","3","167","1.8%","6.8"
"sudarshan chakrapani","3","164","1.8%","2.6"
"national defence academy exam date 2026","3","164","1.8%","3.1"
"best ssb coaching in lucknow","3","164","1.8%","6.4"
"army navy air force vacancy 2026","3","159","1.9%","5.7"
"agniveer","3","131","2.3%","3.4"
"list of indian fighter jets","3","116","2.6%","6.4"
"nda syllabus hindi medium","3","115","2.6%","5.6"
"ima dehradun me admission kaise le","3","106","2.8%","2.8"
"iaf fighter jets list","3","106","2.8%","6.5"
"ima dehradun admission eligibility","3","100","3%","2.2"
"ssb and nda difference","3","99","3%","3.2"
"indian army uniform badges","3","97","3.1%","6.0"
"warriors defence academy ki fees kitni hai","3","92","3.3%","3.2"
"indian army navy air force recruitment 2026","3","90","3.3%","4.5"
"nda history syllabus in hindi","3","90","3.3%","5.2"
"indian navy sailor uniform","3","85","3.5%","8.3"
"nda syllabus pdf in hindi","3","81","3.7%","7.6"
"oir test in ssb practice set","3","80","3.8%","6.1"
"indian drones name","3","78","3.8%","4.9"
"afsb oir test","3","72","4.2%","6.7"
"nda 1 2026 exam date application form","3","60","5%","8.4"
"wda defence academy lucknow","3","59","5.1%","2.1"
"upsc nda syllabus in hindi","3","58","5.2%","5.5"
"n.d.a exam date 2026","3","56","5.4%","3.8"
"warrior defence academy delhi","3","52","5.8%","3.2"
"indian air force aircraft inventory","3","51","5.9%","5.0"
"oir test","3","51","5.9%","14.5"
"ssb oir practice set","3","49","6.1%","7.5"
"batches of indian army","3","48","6.2%","3.9"
"where is warriors defence academy","3","45","6.7%","1.1"
"indian military badges","3","45","6.7%","2.9"
"indian air force fighter jet list","3","43","7%","6.1"
"indian army patches","3","36","8.3%","12.5"
"lucknow warriors defence academy","3","35","8.6%","1.6"
"ssb oir and ppdt book pdf free download","3","28","10.7%","5.7"
"army badges meaning","3","25","12%","20.5"
"warriors defence academy lucknow contact number","3","18","16.7%","1.9"
"ssb 1st day screening test questions","3","16","18.8%","5.0"
"wdc lucknow","3","13","23.1%","2.1"
"oir paper","3","9","33.3%","1.2"
"army badges and medals","3","8","37.5%","2.4"
"wing commander abhinandan","2","5810","0%","11.4"
"orop","2","2585","0.1%","7.1"
"nda ka syllabus kya hai","2","2017","0.1%","9.1"
"agniveer army bharti 2026","2","1819","0.1%","10.1"
"vayusena ka purv fighter jet","2","1097","0.2%","8.2"
"air force equipment","2","880","0.2%","9.3"
"???????????????????????? ?????????????????? 2026","2","761","0.3%","10.7"
"upcoming agniveer recruitment 2026","2","682","0.3%","9.3"
"nda ka syllabus kya hota hai","2","681","0.3%","9.9"
"nda running time","2","670","0.3%","8.8"
"army agniveer total vacancy 2026","2","626","0.3%","10.3"
"nda area in acres","2","617","0.3%","8.6"
"yes","2","614","0.3%","4.3"
"agniveer 2026","2","607","0.3%","10.7"
"param vir chakra awardees","2","558","0.4%","9.7"
"indian navy agniveer recruitment 2026","2","554","0.4%","10.4"
"navy air force vacancy 2026","2","473","0.4%","8.5"
"abhinandan varthaman story","2","466","0.4%","9.2"
"ladakh scouts regimental centre","2","431","0.5%","2.0"
"navy ssr uniform","2","421","0.5%","7.7"
"lucknow nda academy","2","387","0.5%","6.7"
"how many fighter jet india have","2","380","0.5%","6.0"
"nda history","2","378","0.5%","8.8"
"nda full form","2","371","0.5%","25.2"
"??????????????? ??????????????????","2","363","0.6%","8.1"
"indian air force active aircraft","2","358","0.6%","5.4"
"army agniveer result 2026","2","339","0.6%","3.7"
"all indian fighter jets","2","318","0.6%","7.0"
"khadakwasla","2","315","0.6%","3.0"
"indian army navy air force vacancy 2026","2","303","0.7%","6.3"
"mns dress code for female","2","265","0.8%","2.3"
"nda date 2026","2","260","0.8%","1.3"
"nda form 2026 last date","2","260","0.8%","1.4"
"indian military aircraft","2","260","0.8%","10.0"
"iaf active aircraft","2","251","0.8%","5.9"
"best physical academy in lucknow","2","246","0.8%","6.8"
"para commando service year","2","232","0.9%","6.1"
"what is tes entry","2","224","0.9%","3.3"
"brigade of guards regiment","2","221","0.9%","5.9"
"indian navy uniform images","2","208","1%","10.2"
"what is orop","2","200","1%","8.2"
"agniveer selection ratio","2","199","1%","6.3"
"army ceremonial dress","2","179","1.1%","1.5"
"what is tes exam","2","178","1.1%","2.3"
"list of active indian air force aircraft","2","172","1.2%","4.6"
"what fighter jets does india have","2","171","1.2%","5.3"
"ta army notification","2","171","1.2%","9.6"
"dw lucknow","2","165","1.2%","5.4"
"nda 157 notification","2","156","1.3%","7.1"
"haircut for ssb interview","2","156","1.3%","7.1"
"ssb oir","2","154","1.3%","8.9"
"what is one rank one pension scheme","2","151","1.3%","9.7"
"list of indian air force aircraft","2","145","1.4%","7.8"
"nda 2 2022 merit list","2","142","1.4%","9.7"
"nda last date to apply 2026","2","140","1.4%","2.6"
"ima course duration","2","140","1.4%","6.5"
"ima and nda difference","2","132","1.5%","6.3"
"how many fighter planes does india have","2","129","1.6%","5.0"
"list of aircraft of indian air force","2","126","1.6%","7.3"
"best coaching for nda in lucknow","2","121","1.7%","5.3"
"aircrafts of indian air force","2","120","1.7%","12.6"
"ima dehradun eligibility","2","117","1.7%","2.4"
"nda weight chart","2","110","1.8%","4.8"
"cds 1 2021 english answer key","2","110","1.8%","8.0"
"indian air force list of aircraft","2","107","1.9%","6.4"
"army batch number","2","106","1.9%","8.5"
"nda exam date in 2026","2","102","2%","3.3"
"navy air force notification 2026","2","102","2%","7.1"
"navy air force recruitment 2026","2","101","2%","7.3"
"abhinandan iaf","2","100","2%","8.5"
"what is tes in nda","2","97","2.1%","2.0"
"when was nda exam 2026","2","90","2.2%","1.0"
"warriors defence academy location","2","90","2.2%","1.8"
"nda 2 2026 ssb interview date","2","90","2.2%","3.0"
"list of fighter jets in indian air force","2","89","2.2%","5.7"
"??????????????? ?????????????????? pdf","2","89","2.2%","8.1"
"after ssb interview and medical test what next","2","88","2.3%","5.8"
"ssb gto structures pdf","2","84","2.4%","7.7"
"iaf jets list","2","83","2.4%","4.8"
"indian navy all uniform","2","82","2.4%","7.0"
"what aircraft does india have","2","81","2.5%","4.5"
"army agniveer 2026 notification","2","81","2.5%","9.5"
"ima admission","2","78","2.6%","8.4"
"when agniveer recruitment started","2","77","2.6%","8.7"
"indian army symbols","2","75","2.7%","5.8"
"how many india have fighter jets","2","64","3.1%","5.7"
"gto structure ssb","2","63","3.2%","5.6"
"how many combat aircraft does india have","2","62","3.2%","4.7"
"warrior defence academy kahan hai","2","61","3.3%","1.5"
"cds vs ssb","2","61","3.3%","2.5"
"latest lecturette topics for ssb","2","59","3.4%","3.6"
"cds 1 2026 notification","2","59","3.4%","7.6"
"nda exam in 2026 date","2","58","3.4%","3.2"
"agniveer 2026 requirement","2","58","3.4%","6.6"
"ima dehradun entrance exam","2","55","3.6%","2.4"
"how many air jets india have","2","55","3.6%","5.8"
"oir book pdf","2","55","3.6%","6.5"
"air force trade","2","55","3.6%","7.0"
"indian army fighter jets list","2","54","3.7%","4.0"
"nda free batch","2","53","3.8%","10.1"
"para sf probation period","2","49","4.1%","4.4"
"haa","2","47","4.3%","3.0"
"indian air force all planes","2","47","4.3%","8.6"
"agniveer official notification 2026","2","46","4.3%","10.0"
"automobile technician in indian air force","2","45","4.4%","5.3"
"our test","2","44","4.5%","3.3"
"oir 169","2","42","4.8%","8.4"
"indian air force number of aircraft","2","42","4.8%","9.1"
"indian navy chief petty officer uniform","2","41","4.9%","3.9"
"army flight name","2","40","5%","4.6"
"tes nda","2","39","5.1%","1.9"
"all about tes","2","39","5.1%","2.6"
"nda entrance exam date 2026","2","38","5.3%","1.0"
"aircraft used by indian army","2","38","5.3%","4.0"
"negative wat words","2","36","5.6%","3.3"
"badges in army","2","36","5.6%","4.1"
"cds 2025 notification","2","35","5.7%","7.1"
"indian air force arsenal","2","34","5.9%","6.5"
"param vir chakra winner list","2","34","5.9%","10.0"
"ssb oir test practice","2","30","6.7%","6.8"
"indian fighter planes list","2","27","7.4%","4.3"
"ssb oir mock test online free","2","27","7.4%","9.4"
"army agniveer air force","2","27","7.4%","11.1"
"warrior defence academy and college","2","26","7.7%","1.4"
"ssb question paper 2025","2","26","7.7%","6.0"
"warriors defence academy ambala","2","25","8%","1.9"
"warriors defence academy by owner","2","25","8%","2.0"
"nda syllabus in hindi pdf","2","25","8%","6.8"
"officer intelligence rating (oir)","2","24","8.3%","2.0"
"nda free course","2","23","8.7%","6.0"
"nda free online classes","2","20","10%","6.4"
"navy interview questions and answers pdf","2","20","10%","7.8"
"nda exam date 2026 for girls","2","18","11.1%","3.2"
"army chest badges","2","16","12.5%","1.7"
"commander sudarshan chakrapani","2","15","13.3%","2.4"
"ssb ppdt solved examples pdf","2","14","14.3%","14.4"
"warriors defence academy fees for nda","2","13","15.4%","1.2"
"lucknow best nda academy","2","13","15.4%","5.2"
"when is nda entrance exam 2026","2","13","15.4%","7.8"
"warriors defence academy ssb fees","2","12","16.7%","1.2"
"warriors defence academy hostel","2","12","16.7%","1.3"
"nda form exam date 2026","2","12","16.7%","5.0"
"indian navy ssb interview questions","2","12","16.7%","11.8"
"after 10th army exam","2","11","18.2%","2.8"
"oir non verbal test","2","11","18.2%","2.8"
"ssb oir practice","2","11","18.2%","8.1"
"500+ wat ssb with answers","2","11","18.2%","8.5"
"indian navy interview questions","2","9","22.2%","1.7"
"warrior defence academy ambala","2","9","22.2%","4.3"
"ssb intelligence test","2","7","28.6%","2.7"
"tour of duty indian army","2","7","28.6%","24.6"
"all army badges and tabs","2","6","33.3%","1.7"
"gk questions for nda with answers","2","5","40%","5.8"
"nda economics notes","2","5","40%","11.0"
"srt questions with answers pdf download","2","5","40%","12.2"
"most pvc regiment","2","3","66.7%","10.3"
"ppdt with solutions","2","3","66.7%","12.0"
"ssb questions with answers","2","3","66.7%","16.7"
"nda syllabus","1","1460","0.1%","10.5"
"agniveer next vacancy 2026","1","1170","0.1%","8.8"
"defence classes lucknow","1","1082","0.1%","7.1"
"nda campus area in acres","1","1072","0.1%","5.6"
"territorial army recruitment 2024","1","1017","0.1%","6.2"
"captain abhinandan varthaman","1","820","0.1%","10.4"
"??????????????? ????????????????????????","1","736","0.1%","11.9"
"how many fighter jets india have","1","717","0.1%","6.7"
"navy officer uniform","1","706","0.1%","9.0"
"how many aircraft india have","1","680","0.1%","4.8"
"the guards regiment","1","586","0.2%","6.9"
"nda training centre","1","564","0.2%","8.5"
"abhinandan","1","561","0.2%","11.9"
"how many aircraft does india have","1","533","0.2%","3.7"
"army agniveer recruitment 2026","1","519","0.2%","10.3"
"which fighter jets india have","1","462","0.2%","6.6"
"tes means","1","460","0.2%","5.8"
"abhinandan story","1","450","0.2%","8.1"
"group captain abhinandan","1","446","0.2%","9.4"
"how to join ima dehradun","1","445","0.2%","3.8"
"when was nda established","1","417","0.2%","3.5"
"difference between ima and nda","1","392","0.3%","6.8"
"height required for nda in feet","1","387","0.3%","11.0"
"list of active indian military aircraft","1","374","0.3%","4.3"
"army agniveer 2026","1","373","0.3%","9.8"
"indian military academy","1","369","0.3%","3.1"
"group captain abhinandan varthaman","1","364","0.3%","8.9"
"brigade of guards","1","356","0.3%","5.5"
"ima kaise join kare","1","353","0.3%","8.5"
"nda physical test running time","1","342","0.3%","7.8"
"nda 2 2026 exam date","1","340","0.3%","6.3"
"cds coaching in lucknow","1","340","0.3%","10.0"
"biography of wing commander abhinandan","1","325","0.3%","4.7"
"nda vs ima","1","321","0.3%","9.0"
"the brigade of the guards","1","313","0.3%","4.9"
"para sf training period","1","313","0.3%","8.6"
"dress code for nda exam","1","291","0.3%","8.9"
"india total fighter jets","1","277","0.4%","5.6"
"nda khadakwasla campus area in acres","1","274","0.4%","6.9"
"agniveer army notification 2026","1","274","0.4%","10.3"
"best defence academy in lucknow","1","270","0.4%","13.5"
"lt gen dushyant singh","1","267","0.4%","2.8"
"angiver 2026","1","266","0.4%","10.3"
"dehradun military academy","1","266","0.4%","10.8"
"army agniveer next vacancy 2026","1","264","0.4%","8.6"
"abhinandan varthaman caste","1","259","0.4%","1.3"
"army batch logo","1","259","0.4%","7.8"
"colonel sk tiwari","1","253","0.4%","6.0"
"nda ke liye subject","1","253","0.4%","10.5"
"squadron leader abhinandan","1","248","0.4%","7.7"
"nda vs cds","1","244","0.4%","13.1"
"all fighter jets of india","1","241","0.4%","5.2"
"nda syllabus hindi","1","240","0.4%","5.6"
"active aircraft of indian air force","1","238","0.4%","5.4"
"ima army","1","236","0.4%","7.5"
"next agniveer army recruitment 2026","1","236","0.4%","8.6"
"the guards indian army","1","227","0.4%","8.7"
"gat full form","1","227","0.4%","9.7"
"indian fighter jets","1","226","0.4%","34.4"
"ima","1","224","0.4%","3.7"
"top 10 nda coaching in lucknow","1","222","0.5%","7.8"
"afcat is cbt or not","1","221","0.5%","6.2"
"indian navy uniforms","1","219","0.5%","8.7"
"ima me admission kaise le","1","216","0.5%","5.4"
"cds vacancy 2025","1","214","0.5%","6.9"
"vayu cena ka purv fighter jet","1","212","0.5%","7.9"
"best academy in lucknow","1","211","0.5%","10.8"
"haws badge","1","208","0.5%","2.9"
"total aircraft in indian air force","1","207","0.5%","9.2"
"indian navy air force vacancy 2026","1","206","0.5%","9.3"
"brigade of the guards regimental centre kamptee","1","204","0.5%","7.7"
"indian air force total aircraft","1","196","0.5%","7.8"
"tes entry","1","195","0.5%","8.8"
"when will agniveer recruitment start 2026","1","193","0.5%","9.4"
"india total fighter jet","1","191","0.5%","5.9"
"which fighter jets does india have","1","190","0.5%","6.4"
"indian airforce aircraft list","1","189","0.5%","6.9"
"nda september 2026 exam date","1","188","0.5%","1.5"
"how many types of fighter jets india have","1","188","0.5%","8.3"
"nda exam pattern in hindi","1","188","0.5%","8.4"
"indian air force transport aircraft","1","184","0.5%","8.2"
"nda khadakwasla pune","1","183","0.5%","5.5"
"indian army agnipath recruitment 2026","1","183","0.5%","9.7"
"indian drone name","1","181","0.6%","7.2"
"list of param vir chakra","1","179","0.6%","4.6"
"agniveer army result 2026 date","1","178","0.6%","2.4"
"ta recruitment 2024","1","178","0.6%","6.7"
"navy uniforms","1","176","0.6%","8.0"
"how many jets india have","1","170","0.6%","5.1"
"difference between nda and cds","1","170","0.6%","10.9"
"pvc list","1","167","0.6%","9.7"
"one rank one pension scheme","1","167","0.6%","10.8"
"?????????????????? ???????????????????????? ?????? ?????????????????? ????????????????????? ????????????","1","166","0.6%","4.9"
"nda next exam date 2026","1","165","0.6%","1.1"
"defence academy near me","1","165","0.6%","4.8"
"army notification 2024","1","164","0.6%","7.4"
"army agniveer bharti 2026","1","164","0.6%","8.9"
"number of fighter jets in india","1","161","0.6%","7.6"
"agniveer new recruitment 2026","1","161","0.6%","10.1"
"the guard regiment","1","160","0.6%","6.1"
"indian navy dress male","1","160","0.6%","9.4"
"ssb haircut","1","158","0.6%","10.0"
"ladakh scouts regimental centre location","1","156","0.6%","1.7"
"mns interview dress code","1","155","0.6%","5.6"
"nda academy in lucknow","1","153","0.7%","8.3"
"date of nda exam 2026","1","151","0.7%","2.1"
"abhinandan varthaman age","1","151","0.7%","2.1"
"the guards","1","149","0.7%","5.3"
"para sf commando qualification","1","149","0.7%","9.6"
"current fighter jets in indian air force","1","147","0.7%","4.4"
"brigade of the guards logo","1","145","0.7%","1.4"
"top nda coaching in lucknow","1","144","0.7%","9.9"
"agniveer seats 2026","1","143","0.7%","8.0"
"para commando height weight chest","1","142","0.7%","9.1"
"nda running time and distance","1","141","0.7%","8.2"
"best defence academy in india","1","140","0.7%","11.3"
"indias fighter jet list","1","139","0.7%","6.4"
"param vir chakra awardee","1","138","0.7%","9.9"
"total fighter jet in india","1","137","0.7%","6.6"
"what is oir test in ssb","1","136","0.7%","7.3"
"minimum height for para sf","1","134","0.7%","7.7"
"nda ki taiyari ke liye best coaching centre","1","134","0.7%","8.8"
"bridge of the guards regiment","1","133","0.8%","6.2"
"ima physical standards","1","133","0.8%","6.4"
"ima selection process","1","132","0.8%","5.2"
"can a bio student give nda exam","1","132","0.8%","7.3"
"mech inf regt centre ahmednagar address","1","131","0.8%","3.9"
"national defence academy khadakwasla","1","130","0.8%","1.4"
"military badges","1","128","0.8%","2.4"
"how to get admission in ima dehradun","1","127","0.8%","3.7"
"indian air force cargo planes list","1","126","0.8%","7.2"
"nda form date 2026","1","125","0.8%","6.9"
"tes entry eligibility","1","124","0.8%","2.3"
"indian army green dress","1","123","0.8%","1.0"
"nda ssb interview date 2026","1","122","0.8%","1.8"
"mechanised infantry regiment","1","122","0.8%","10.0"
"what is technical entry scheme","1","120","0.8%","5.9"
"indian army shoulder badges","1","120","0.8%","6.6"
"commando dagger badge indian army","1","117","0.9%","1.1"
"ssb interview shoes","1","117","0.9%","8.0"
"nda me physical hota hai","1","117","0.9%","10.1"
"ts army","1","113","0.9%","6.7"
"bde of the guards regt centre","1","113","0.9%","7.7"
"ima mai kaise jaye","1","112","0.9%","7.5"
"indian army uniform with medals","1","110","0.9%","4.8"
"nda height and weight chart","1","110","0.9%","7.5"
"formal shoes for ssb interview","1","109","0.9%","7.5"
"indian army helicopter list","1","108","0.9%","4.2"
"agniveer army next vacancy 2026","1","106","0.9%","7.7"
"how to go in ima","1","105","1%","5.6"
"commander abhinandan varthaman","1","105","1%","11.8"
"defence coaching","1","105","1%","15.9"
"how many military aircraft does india have","1","104","1%","5.6"
"india fighter jets","1","103","1%","36.0"
"total no of fighter jets in india","1","101","1%","6.0"
"how many mirage 2000 india have","1","101","1%","7.9"
"difference between ssb and nda","1","100","1%","5.2"
"list of indian aircraft","1","100","1%","6.4"
"nda height weight chart","1","98","1%","4.0"
"india drone","1","96","1%","14.2"
"all aircraft of indian air force","1","94","1.1%","6.9"
"what is the difference between nda and ima","1","93","1.1%","6.9"
"nda ssb interview hindi me hota hai ya english mein","1","92","1.1%","4.9"
"brigade of guard regiment","1","92","1.1%","7.0"
"what is tes entry in nda","1","91","1.1%","5.4"
"defence coaching near me","1","91","1.1%","5.9"
"indian air force fleet list","1","91","1.1%","7.9"
"physical fitness required for nda","1","91","1.1%","8.8"
"india fighter jets number","1","89","1.1%","7.8"
"iaf list of aircraft","1","89","1.1%","9.6"
"indian fighter jet list","1","88","1.1%","6.2"
"how many aircraft indian air force have","1","88","1.1%","7.2"
"nda 1 2026 vacancy","1","88","1.1%","10.1"
"bio student can give nda exam","1","87","1.1%","7.1"
"list of fighter jet in india","1","86","1.2%","6.1"
"nda physics syllabus in hindi","1","86","1.2%","8.9"
"indian navy dress no 4","1","85","1.2%","1.3"
"nda subject syllabus in hindi","1","85","1.2%","5.9"
"any agniveer vacancy","1","85","1.2%","8.4"
"mechanised infantry regiment centre","1","84","1.2%","3.7"
"best defence coaching in lucknow","1","84","1.2%","4.4"
"cds application form","1","83","1.2%","9.8"
"for army which subject required","1","82","1.2%","8.9"
"indian army batch logo","1","82","1.2%","9.5"
"indian air force helicopter list","1","81","1.2%","11.7"
"types of drone in indian army","1","80","1.2%","4.4"
"who is abhinandan","1","80","1.2%","9.9"
"warriors defence academy kahan hai","1","79","1.3%","1.5"
"nda exam date 2026 last date to apply","1","79","1.3%","2.2"
"what is tes entry in indian army","1","79","1.3%","4.6"
"about tes exam","1","79","1.3%","5.1"
"how many fighter jet in indian air force","1","79","1.3%","7.3"
"transport aircraft indian air force","1","79","1.3%","9.0"
"ima admission criteria","1","78","1.3%","6.2"
"military batch","1","77","1.3%","5.2"
"nda tes","1","76","1.3%","4.1"
"brigade of the guards training centre","1","76","1.3%","4.6"
"hair cut for ssb interview","1","76","1.3%","7.0"
"ssb vs cds","1","75","1.3%","3.0"
"nda size in acres","1","75","1.3%","6.8"
"para sf commando service period","1","74","1.4%","4.9"
"ppdt pictures with answers","1","74","1.4%","10.1"
"wda academy fees","1","73","1.4%","1.6"
"afcat ekt means","1","73","1.4%","3.8"
"what all fighter jets india has","1","73","1.4%","5.9"
"which of these is a fighter aircraft flown by the indian air force? a: f-16 b: mirage 2000 c: f-15 d: jf-17 thunder","1","73","1.4%","6.9"
"ima dehradun fee structure","1","73","1.4%","11.2"
"weight required for nda for male","1","72","1.4%","3.5"
"basic training institute, belgaum ??? 591124","1","72","1.4%","8.2"
"agniveer new vacancy","1","72","1.4%","10.2"
"indian fighter aircraft list","1","71","1.4%","5.5"
"agniveer new rules 2026","1","71","1.4%","9.6"
"indian agniveer navy recruitment 2026","1","71","1.4%","11.0"
"ima entry","1","69","1.4%","5.3"
"how many active fighter jets does india have","1","68","1.5%","4.6"
"indian army agniveer 2026 notification","1","68","1.5%","9.4"
"indian army recruitment 2024 apply online date","1","67","1.5%","7.0"
"oir rating in ssb","1","67","1.5%","8.1"
"which all fighter jets india has","1","66","1.5%","5.5"
"cds 2 2021 english answer key","1","66","1.5%","8.3"
"nda exam 2026 exam date","1","65","1.5%","1.7"
"mechanised infantry regimental centre ahmednagar contact number","1","65","1.5%","4.5"
"the guards regiment indian army","1","65","1.5%","6.9"
"abhinandan indian air force","1","65","1.5%","11.2"
"how to go ima","1","64","1.6%","6.5"
"cds 1 2025 paper","1","64","1.6%","9.0"
"army navy air force notification 2026","1","63","1.6%","3.5"
"amb full form in army","1","63","1.6%","4.3"
"navy interview questions","1","63","1.6%","6.5"
"warrior physical academy","1","63","1.6%","9.0"
"orop scheme","1","63","1.6%","9.9"
"orop pension","1","63","1.6%","10.2"
"recent lecturette topics for ssb","1","62","1.6%","2.0"
"indian navy ceremonial uniform","1","62","1.6%","8.5"
"khadakwasla national defence academy","1","61","1.6%","1.7"
"what is afcat ekt","1","61","1.6%","4.6"
"army plane name","1","61","1.6%","5.3"
"cds and ssb difference","1","60","1.7%","2.9"
"orop 3 implementation date","1","60","1.7%","8.5"
"people who got param vir chakra","1","60","1.7%","9.0"
"how many fighters does india have","1","59","1.7%","7.2"
"yogesh dutta","1","58","1.7%","4.3"
"nda interview date","1","58","1.7%","7.3"
"indian air force equipment","1","58","1.7%","25.6"
"what is tes in indian army","1","57","1.8%","2.8"
"abhinandan jain air force","1","57","1.8%","6.3"
"indian army guards regiment","1","57","1.8%","7.5"
"army badge logo","1","56","1.8%","7.9"
"how many military drones does india have","1","56","1.8%","8.2"
"total aeroplane in india","1","55","1.8%","1.4"
"ima dehradun age limit","1","55","1.8%","2.2"
"ta army 2024 notification","1","55","1.8%","5.3"
"tes colleges","1","55","1.8%","5.6"
"nda knowledge","1","55","1.8%","5.9"
"what is mechanised infantry in indian army","1","55","1.8%","9.1"
"indian navy petty officer uniform","1","54","1.9%","1.7"
"india current fighter jets","1","54","1.9%","3.7"
"navy winter uniform","1","54","1.9%","7.1"
"?????? ?????? ?????? ?????????????????????","1","54","1.9%","10.1"
"abhinandan varthaman retired","1","53","1.9%","1.6"
"nda registration form 2026 last date","1","53","1.9%","2.7"
"indian fighter jets number","1","53","1.9%","5.9"
"mech infantry regiment","1","53","1.9%","9.5"
"indian air force vehicles","1","53","1.9%","10.8"
"where is khadakwasla nda","1","52","1.9%","5.1"
"ima physical requirements","1","52","1.9%","7.5"
"airmen selection centre list","1","52","1.9%","8.4"
"nda physical fitness requirements","1","52","1.9%","8.4"
"iaf total aircraft","1","52","1.9%","9.5"
"how can i join ima","1","51","2%","3.3"
"agniveer rules 2026","1","51","2%","7.2"
"agniveer army 2026 notification","1","51","2%","9.5"
"nda ki exam date 2026","1","50","2%","4.9"
"ssb interview questions and answers pdf","1","50","2%","13.7"
"nda officer dress","1","49","2%","2.3"
"ima ???????????????????????? ?????????????????? ???????????????????????????","1","49","2%","3.6"
"nda 1 2026 notification","1","49","2%","10.0"
"param vir chakra awardees in english","1","49","2%","11.5"
"indian air force fleet","1","49","2%","30.7"
"nda area","1","48","2.1%","2.2"
"india's fighter jet list","1","48","2.1%","5.6"
"afcat ekt exam","1","48","2.1%","6.4"
"agniveer bharti 2026 eligibility","1","48","2.1%","10.2"
"services offered by warriors defence academy","1","47","2.1%","1.2"
"ta army notification 2024","1","47","2.1%","5.6"
"indian attack drone list","1","47","2.1%","5.7"
"indian fighter jets name list","1","47","2.1%","6.1"
"territorial army vacancy 2024","1","47","2.1%","6.4"
"para sf age limit","1","47","2.1%","6.9"
"india all fighter jet name list","1","46","2.2%","4.8"
"indian air force number of fighter jets","1","46","2.2%","6.2"
"afcat ekt exam pattern","1","46","2.2%","6.4"
"indian fighter aircraft names","1","44","2.3%","3.6"
"indian navy uniform rank wise","1","44","2.3%","6.3"
"ssb lecturette","1","44","2.3%","15.6"
"difference between cds and ssb","1","43","2.3%","2.4"
"india's all fighter jets","1","43","2.3%","7.2"
"indian army sniper badge","1","43","2.3%","7.3"
"wing commander abhinandan singh","1","43","2.3%","7.7"
"pvc award list","1","43","2.3%","9.1"
"india helicopter list","1","43","2.3%","9.3"
"agniveer new vacancy 2024","1","43","2.3%","9.3"
"different types of aircraft in indian air force","1","42","2.4%","6.8"
"how to join in ima","1","42","2.4%","7.2"
"indian army dress","1","42","2.4%","14.3"
"commando badge indian army","1","41","2.4%","1.7"
"ssb vs nda vs cds","1","41","2.4%","3.9"
"difference between nda and ima in india","1","41","2.4%","5.9"
"marksman badge indian army","1","41","2.4%","8.4"
"nda height requirement in feet","1","41","2.4%","10.5"
"agniveer navy air force","1","40","2.5%","7.2"
"air force equipment list","1","40","2.5%","7.4"
"india all fighter jet","1","40","2.5%","7.6"
"drone used by indian army","1","39","2.6%","8.5"
"best nda academy in india","1","39","2.6%","15.5"
"petty officer indian navy uniform","1","38","2.6%","1.9"
"2026","1","38","2.6%","3.6"
"agniveer vacancy 2026 notification","1","38","2.6%","8.9"
"ssb medical test","1","38","2.6%","10.9"
"warrior defence academy kahan per hai","1","37","2.7%","1.8"
"ssb or nda which is better","1","37","2.7%","2.1"
"how many type of fighter jet india have","1","37","2.7%","4.1"
"para sf commando is permanent or temporary","1","37","2.7%","6.6"
"cds 1 2021 answer key","1","37","2.7%","7.3"
"agniveer posts","1","37","2.7%","8.4"
"tes army full form","1","37","2.7%","10.5"
"total indian fighter jets","1","36","2.8%","4.3"
"21 pvc","1","36","2.8%","5.9"
"all jets of indian air force","1","36","2.8%","6.9"
"army navy agniveer","1","36","2.8%","7.5"
"physical standards for nda","1","36","2.8%","18.2"
"what is the date of nda exam 2026","1","35","2.9%","1.0"
"ppdt","1","35","2.9%","4.8"
"indian air force all fighter jets list","1","35","2.9%","6.6"
"what is ima in army","1","35","2.9%","7.1"
"army tes full form","1","35","2.9%","10.4"
"oir test practice","1","35","2.9%","10.4"
"lecturette for ssb","1","35","2.9%","11.1"
"ima in india","1","35","2.9%","19.4"
"ima dehradun admission","1","34","2.9%","3.0"
"agniveer scheme 2026","1","34","2.9%","7.0"
"apply for agniveer 2026","1","34","2.9%","9.7"
"aircrafts in indian air force","1","34","2.9%","16.2"
"what is difference between nda and ima","1","33","3%","6.2"
"oir booklet","1","33","3%","9.7"
"navy doctor uniform","1","32","3.1%","5.4"
"india army aircraft","1","32","3.1%","7.3"
"agniveer criteria","1","32","3.1%","11.3"
"when will be the nda exam held in 2026","1","31","3.2%","3.2"
"army medical board","1","31","3.2%","6.7"
"agniveer requirment","1","31","3.2%","6.8"
"indian military academy (ima)","1","31","3.2%","7.6"
"ssb interview first day test","1","31","3.2%","7.8"
"number of fighter jets in indian air force","1","31","3.2%","12.4"
"nda form fill up 2026 last date","1","30","3.3%","1.1"
"nda army exam date 2026","1","30","3.3%","1.2"
"upsc nda 2026 exam date","1","30","3.3%","3.0"
"badges of army","1","30","3.3%","3.5"
"indian army patch","1","30","3.3%","12.9"
"when was the nda exam 2026","1","29","3.4%","1.0"
"when did nda exam held in 2026","1","29","3.4%","1.2"
"indian army drone name","1","29","3.4%","1.7"
"air force trade jobs","1","29","3.4%","3.5"
"india","1","29","3.4%","5.8"
"nda weight height chart","1","29","3.4%","6.1"
"drones used by indian armed forces","1","29","3.4%","7.4"
"nda army syllabus in hindi","1","29","3.4%","8.0"
"best physical academy in up","1","29","3.4%","8.7"
"t e s full form","1","29","3.4%","9.4"
"army agniveer eligibility 2026","1","29","3.4%","10.7"
"abhinandan fighter pilot","1","29","3.4%","11.3"
"indian navy uniform images with name","1","28","3.6%","1.2"
"height for para sf","1","28","3.6%","4.0"
"nda exam date for 2026","1","28","3.6%","4.4"
"airforce trades","1","28","3.6%","6.0"
"cds 2025 exam date","1","28","3.6%","19.1"
"difference between ssb and cds","1","27","3.7%","3.1"
"ppdt sample pictures","1","27","3.7%","4.3"
"indian jets name","1","27","3.7%","4.8"
"nda ssb oir test","1","27","3.7%","8.3"
"all indian aircraft","1","27","3.7%","9.9"
"nda exam details 2026","1","26","3.8%","3.0"
"officers intelligence rating test","1","26","3.8%","3.6"
"warriors defence institute","1","26","3.8%","4.1"
"wing commander abhinandan story","1","26","3.8%","5.7"
"rashtriya rifles badge","1","26","3.8%","6.4"
"oir book for ssb","1","26","3.8%","10.3"
"ima ????????????????????????","1","26","3.8%","10.5"
"mns coaching centre near me","1","26","3.8%","26.9"
"para sf commando salary","1","25","4%","2.7"
"indian army","1","25","4%","3.2"
"dress code","1","25","4%","4.5"
"nda application form 2026 last date","1","25","4%","4.6"
"airforce trade","1","25","4%","5.2"
"20 mech inf","1","25","4%","5.8"
"total vacancy in nda 1 2026","1","25","4%","5.9"
"what to wear in nda exam","1","25","4%","7.8"
"100 negative sentences with answers","1","25","4%","8.6"
"iaf helicopter list","1","25","4%","8.8"
"what is tes?","1","24","4.2%","2.7"
"indian navy leading seaman uniform","1","24","4.2%","2.7"
"nda exam date 2026 apply online","1","24","4.2%","5.2"
"how to do ima","1","24","4.2%","5.6"
"india total fighter aircraft","1","24","4.2%","6.1"
"insignia of indian army regiments","1","24","4.2%","8.5"
"defence training academy near me","1","24","4.2%","8.8"
"mechanized infantry units","1","24","4.2%","10.6"
"warrior defence academy ki fees kitni hai","1","23","4.3%","2.7"
"indian air force all aircraft list","1","23","4.3%","3.9"
"all iaf aircraft","1","23","4.3%","6.2"
"total seats in nda 2 2026","1","23","4.3%","6.2"
"auto tech trade in indian air force","1","23","4.3%","6.7"
"number of aircraft in india","1","23","4.3%","7.5"
"ima dehradun training period","1","23","4.3%","8.3"
"nevi uniform","1","23","4.3%","8.7"
"agniveer indian navy recruitment 2026","1","23","4.3%","10.0"
"planes used by indian air force","1","23","4.3%","10.7"
"navy agniveer 2026","1","23","4.3%","11.0"
"ssb cds full form","1","22","4.5%","1.0"
"warriors defence academy fees structure","1","22","4.5%","1.4"
"indian air force all aircrafts","1","22","4.5%","5.3"
"oir practice set for ssb","1","22","4.5%","9.7"
"nda written exam date 2026","1","21","4.8%","2.3"
"chakrapani sir","1","21","4.8%","4.5"
"navy air force recruitment","1","21","4.8%","9.1"
"indian army logo meaning","1","21","4.8%","10.4"
"ima dehradoon","1","21","4.8%","11.3"
"indian military aircrafts","1","21","4.8%","13.9"
"tes entry training centre","1","20","5%","3.6"
"both","1","20","5%","3.8"
"ima joining age","1","20","5%","5.0"
"wat word","1","20","5%","12.9"
"ssb story writing","1","20","5%","13.6"
"on which date nda exam held in 2026","1","19","5.3%","1.0"
"dagger badge army","1","19","5.3%","1.2"
"nda exam dates","1","19","5.3%","1.4"
"fees","1","19","5.3%","2.1"
"bad wat","1","19","5.3%","2.9"
"indian air force all jets","1","19","5.3%","3.8"
"nda1 form date 2026","1","19","5.3%","4.4"
"weapon fitter in indian air force","1","19","5.3%","4.9"
"india air force fighter jets list","1","19","5.3%","6.8"
"navy uniform names","1","19","5.3%","7.8"
"army agniveer recruitment 2026 notification","1","19","5.3%","7.9"
"nda application form 2026","1","19","5.3%","11.6"
"commando course badge","1","18","5.6%","1.3"
"wda","1","18","5.6%","2.1"
"navy uniform name","1","18","5.6%","3.6"
"defence","1","18","5.6%","5.2"
"nda general knowledge questions","1","18","5.6%","5.3"
"indian navy seaman uniform","1","18","5.6%","8.2"
"navy officer uniforms","1","18","5.6%","9.4"
"new vacancy agniveer","1","18","5.6%","9.8"
"indian aeroplane name","1","17","5.9%","1.0"
"warriors defence academy selection rate","1","17","5.9%","1.5"
"indian army result agniveer 2026","1","17","5.9%","1.6"
"list of all fighter jets in india","1","17","5.9%","4.3"
"free nda course","1","17","5.9%","6.5"
"agniveer recruitment 2026 qualification","1","17","5.9%","7.0"
"navy all dress","1","17","5.9%","8.5"
"airforce mr vacancy 2026","1","17","5.9%","10.1"
"ima eye criteria","1","17","5.9%","10.9"
"shoes for ssb","1","17","5.9%","11.1"
"indian army black uniform","1","17","5.9%","12.5"
"nda and cds exam date 2026","1","16","6.2%","1.9"
"ssb bhopal oir test","1","16","6.2%","8.3"
"is surgery allowed in nda","1","16","6.2%","17.2"
"army agniveer","1","15","6.7%","2.4"
"army bages","1","15","6.7%","3.6"
"territorial army officer recruitment 2024","1","15","6.7%","4.3"
"top defence academy in lucknow","1","15","6.7%","5.1"
"territorial army notification 2024","1","15","6.7%","6.3"
"qualification for ima","1","15","6.7%","6.5"
"oir form","1","15","6.7%","6.9"
"types of air force planes","1","15","6.7%","7.3"
"agniveer events 2026","1","15","6.7%","10.7"
"chemistry for nda","1","15","6.7%","11.2"
"agniveer coaching","1","15","6.7%","30.4"
"army exams after 12th","1","14","7.1%","11.6"
"2026 me nda exam date","1","13","7.7%","1.0"
"nda entrance exam 2026 date","1","13","7.7%","1.0"
"in hindi","1","13","7.7%","1.8"
"nda exam date 2026 details","1","13","7.7%","3.7"
"best oir","1","13","7.7%","5.2"
"who all got param vir chakra","1","13","7.7%","9.6"
"upsc ??????????????? ??????????????????","1","13","7.7%","9.7"
"ssb oir test","1","13","7.7%","12.8"
"military aviation in india","1","13","7.7%","16.5"
"nda paper 2026 exam date","1","12","8.3%","1.0"
"nda exam date 2026 after 12th","1","12","8.3%","1.4"
"badges on army uniform","1","12","8.3%","1.8"
"september nda exam date","1","12","8.3%","1.8"
"in 2026 nda exam date","1","12","8.3%","3.0"
"warrior institute","1","12","8.3%","4.7"
"indian army ncc special entry 2025","1","12","8.3%","6.2"
"ima entrance exam eligibility","1","12","8.3%","9.4"
"unmanned aerial vehicle","1","11","9.1%","3.7"
"what is ts exam","1","11","9.1%","4.1"
"indian army drone list","1","11","9.1%","5.2"
"information about nda exam 2026","1","11","9.1%","7.0"
"how many uav india have","1","11","9.1%","7.2"
"ssb questions and answers pdf","1","11","9.1%","8.3"
"defence academy coaching centre","1","11","9.1%","8.8"
"indian army agniveer official notification 2026","1","11","9.1%","9.6"
"defence academy in india","1","11","9.1%","13.5"
"nda gat paper pattern","1","10","10%","1.0"
"do ima cadets get salary","1","10","10%","1.2"
"in indian army","1","10","10%","3.1"
"oir for ssb","1","10","10%","7.6"
"indian army agniveer eligibility criteria 2026","1","10","10%","9.8"
"how many param vir chakra","1","10","10%","11.6"
"when does nda session start","1","10","10%","15.5"
"oir mock test","1","10","10%","18.1"
"air force fleet","1","10","10%","24.0"
"is ekt removed from afcat 2026","1","9","11.1%","2.6"
"is tes for female","1","9","11.1%","8.0"
"indian army tes me kya hota hai","1","9","11.1%","9.9"
"types of jets military","1","9","11.1%","10.2"
"drones in indian defence","1","9","11.1%","18.3"
"exam date for nda 2026","1","8","12.5%","1.5"
"nda best academy","1","8","12.5%","2.2"
"tes location","1","8","12.5%","3.8"
"weight","1","8","12.5%","3.8"
"nda exam date 2026 for female","1","8","12.5%","4.1"
"nda examination date","1","8","12.5%","4.1"
"navy uniform types","1","8","12.5%","5.0"
"indian army blue patrol uniform","1","8","12.5%","7.5"
"navy interview questions and answers","1","8","12.5%","7.5"
"agniveer army job","1","8","12.5%","8.6"
"how many questions come from chemistry in nda","1","8","12.5%","9.5"
"pune defence college","1","7","14.3%","1.0"
"nda september 2026 result date","1","7","14.3%","2.4"
"oir nda","1","7","14.3%","3.0"
"blue army uniform india name","1","7","14.3%","3.6"
"how many total jets india have","1","7","14.3%","3.6"
"indian air force plane list","1","7","14.3%","4.6"
"list of aircrafts of indian air force","1","7","14.3%","4.6"
"nda exam last date","1","7","14.3%","5.1"
"indian uav list","1","7","14.3%","5.3"
"when is next nda exam","1","7","14.3%","5.6"
"oir verbal test","1","7","14.3%","5.7"
"ssb sample paper","1","7","14.3%","7.4"
"indian fighter aircrafts","1","7","14.3%","8.6"
"14 guards","1","7","14.3%","9.3"
"abhinandan indian pilot","1","7","14.3%","10.9"
"top 10 army in the world 2022","1","7","14.3%","10.9"
"indian navy dress for men","1","7","14.3%","11.0"
"navy blue uniform","1","7","14.3%","11.4"
"india have","1","7","14.3%","13.3"
"srt questions for air force","1","7","14.3%","13.6"
"ssb ppdt pictures with stories","1","7","14.3%","33.0"
"agniveer result 2026 army","1","6","16.7%","1.0"
"nda camp pune","1","6","16.7%","1.0"
"warrior academy lucknow fees","1","6","16.7%","1.0"
"nda april 2026 exam date","1","6","16.7%","1.7"
"upsc nda exam dates 2026","1","6","16.7%","1.8"
"fee structure","1","6","16.7%","3.0"
"nda coaching with hostel","1","6","16.7%","3.7"
"screening test in ssb examples","1","6","16.7%","7.3"
"uniform of indian navy officer","1","6","16.7%","7.3"
"types of drones military","1","6","16.7%","7.7"
